<?xml version="1.0" encoding="UTF-8"?>
<project-private xmlns="http://www.netbeans.org/ns/project-private/1">
    <editor-bookmarks xmlns="http://www.netbeans.org/ns/editor-bookmarks/2" lastBookmarkId="0"/>
    <open-files xmlns="http://www.netbeans.org/ns/projectui-open-files/2">
        <group>
            <file>file:/home/brenocg/NetBeansProjects/Trabalho1/src/trabalho1/FXMLDocument.fxml</file>
            <file>file:/home/brenocg/NetBeansProjects/Trabalho1/src/trabalho1/FXMLDocumentController.java</file>
            <file>file:/home/brenocg/NetBeansProjects/Trabalho1/src/trabalho1/Contas.java</file>
            <file>file:/home/brenocg/NetBeansProjects/Trabalho1/src/trabalho1/Trabalho1.java</file>
            <file>file:/home/brenocg/NetBeansProjects/Trabalho1/src/trabalho1/ContaPoupanca.java</file>
            <file>file:/home/brenocg/NetBeansProjects/Trabalho1/src/trabalho1/ContaEspecial.java</file>
        </group>
    </open-files>
</project-private>
